method,accuracy,iou,precision,recall,f1,dice,specificity
Otsu,0.0478973388671875,0.021417314722493013,0.14014357053682897,0.02376459072703454,0.04034180216942977,0.033618168474524805,0.7962309605556843
